{"bpm":366,"charts":[{"notes":[{"beat":4,"label":"a","lane":0},{"beat":8,"label":"a","lane":0},{"beat":12,"label":"a","lane":0},{"beat":16,"label":"a","lane":0},{"beat":20,"label":"a","lane":0},{"beat":24,"label":"a","lane":0},{"beat":26,"label":"a","lane":0},{"beat":28,"label":"a","lane":0},{"beat":32,"label":"a","lane":0},{"beat":34,"label":"a","lane":0},{"beat":36,"label":"a","lane":0},{"beat":40,"label":"a","lane":0},{"beat":44,"label":"a","lane":0},{"beat":48,"label":"a","lane":0},{"beat":52,"label":"a","lane":0},{"beat":56,"label":"a","lane":0},{"beat":60,"label":"a","lane":0},{"beat":64,"label":"a","lane":0},{"beat":66,"label":"a","lane":0},{"beat":68,"label":"a","lane":0},{"beat":70,"label":"a","lane":0},{"beat":74,"label":"a","lane":0},{"beat":78,"label":"a","lane":0},{"beat":81,"label":"a","lane":0},{"beat":84,"label":"a","lane":0},{"beat":85,"label":"a","lane":0},{"beat":86,"label":"a","lane":0},{"beat":87,"label":"a","lane":0},{"beat":88,"label":"a","lane":0},{"beat":91,"label":"a","lane":0},{"beat":94,"label":"a","lane":0},{"beat":98,"label":"a","lane":0},{"beat":102,"label":"a","lane":0},{"beat":106,"label":"a","lane":0},{"beat":110,"label":"a","lane":0},{"beat":114,"label":"a","lane":0},{"beat":117,"label":"a","lane":0},{"beat":118,"label":"a","lane":0},{"beat":119,"label":"a","lane":0},{"beat":120,"label":"a","lane":0},{"beat":124,"label":"a","lane":0},{"beat":128,"label":"a","lane":0},{"beat":133,"label":"a","lane":0},{"beat":134,"label":"a","lane":0},{"beat":135,"label":"a","lane":0},{"beat":136,"label":"a","lane":0},{"beat":140,"label":"a","lane":0},{"beat":144,"label":"a","lane":0},{"beat":148,"label":"a","lane":0},{"beat":153,"label":"a","lane":0},{"beat":154,"label":"a","lane":0},{"beat":155,"label":"a","lane":0},{"beat":156,"label":"a","lane":0},{"beat":159,"label":"a","lane":0},{"beat":162,"label":"a","lane":0},{"beat":164,"label":"a","lane":0},{"beat":170,"label":"a","lane":0},{"beat":174,"label":"a","lane":0},{"beat":178,"label":"a","lane":0},{"beat":182,"label":"a","lane":0},{"beat":184,"label":"a","lane":0},{"beat":188,"label":"a","lane":0},{"beat":192,"label":"a","lane":0},{"beat":196,"label":"a","lane":0},{"beat":198,"label":"a","lane":0},{"beat":200,"label":"a","lane":0},{"beat":204,"label":"a","lane":0},{"beat":208,"label":"a","lane":0},{"beat":212,"label":"a","lane":0},{"beat":213,"label":"a","lane":0},{"beat":214,"label":"a","lane":0},{"beat":215,"label":"a","lane":0},{"beat":216,"label":"a","lane":0},{"beat":218,"label":"a","lane":0},{"beat":220,"label":"a","lane":0},{"beat":222,"label":"a","lane":0},{"beat":223,"label":"a","lane":0},{"beat":225,"label":"a","lane":0},{"beat":226,"label":"a","lane":0},{"beat":227,"label":"a","lane":0},{"beat":228,"label":"a","lane":0},{"beat":230,"label":"a","lane":0},{"beat":231,"label":"a","lane":0},{"beat":232,"label":"a","lane":0},{"beat":234,"label":"a","lane":0},{"beat":236,"label":"a","lane":0},{"beat":238,"label":"a","lane":0},{"beat":240,"label":"a","lane":0},{"beat":242,"label":"a","lane":0},{"beat":243,"label":"a","lane":0},{"beat":244,"label":"a","lane":0},{"beat":246,"label":"a","lane":0},{"beat":248,"label":"a","lane":0},{"beat":250,"label":"a","lane":0},{"beat":252,"label":"a","lane":0},{"beat":254,"label":"a","lane":0},{"beat":256,"label":"a","lane":0},{"beat":257,"label":"a","lane":0},{"beat":259,"label":"a","lane":0},{"beat":261,"label":"a","lane":0},{"beat":263,"label":"a","lane":0},{"beat":265,"label":"a","lane":0},{"beat":267,"label":"a","lane":0},{"beat":269,"label":"a","lane":0},{"beat":271,"label":"a","lane":0},{"beat":273,"label":"a","lane":0},{"beat":275,"label":"a","lane":0},{"beat":276,"label":"a","lane":0},{"beat":279,"label":"a","lane":0},{"beat":280,"label":"a","lane":0},{"beat":283,"label":"a","lane":0},{"beat":284,"label":"a","lane":0},{"beat":288,"label":"a","lane":0},{"beat":290,"label":"a","lane":0},{"beat":292,"label":"a","lane":0},{"beat":294,"label":"a","lane":0},{"beat":296,"label":"a","lane":0},{"beat":303,"label":"a","lane":0},{"beat":312,"label":"a","lane":0},{"beat":314,"label":"a","lane":0},{"beat":316,"label":"a","lane":0},{"beat":317,"label":"a","lane":0},{"beat":319,"label":"a","lane":0},{"beat":325,"label":"a","lane":0},{"beat":326,"label":"a","lane":0},{"beat":327,"label":"a","lane":0},{"beat":328,"label":"a","lane":0},{"beat":330,"label":"a","lane":0},{"beat":332,"label":"a","lane":0},{"beat":335,"label":"a","lane":0},{"beat":338,"label":"a","lane":0},{"beat":340,"label":"a","lane":0},{"beat":344,"label":"a","lane":0},{"beat":346,"label":"a","lane":0},{"beat":348,"label":"a","lane":0},{"beat":350,"label":"a","lane":0},{"beat":351,"label":"a","lane":0},{"beat":353,"label":"a","lane":0},{"beat":354,"label":"a","lane":0},{"beat":355,"label":"a","lane":0},{"beat":356,"label":"a","lane":0},{"beat":360,"label":"a","lane":0},{"beat":363,"label":"a","lane":0},{"beat":366,"label":"a","lane":0},{"beat":368,"label":"a","lane":0},{"beat":371,"label":"a","lane":0},{"beat":374,"label":"a","lane":0},{"beat":378,"label":"a","lane":0},{"beat":382,"label":"a","lane":0},{"beat":386,"label":"a","lane":0},{"beat":388,"label":"a","lane":0},{"beat":390,"label":"a","lane":0},{"beat":394,"label":"a","lane":0},{"beat":396,"label":"a","lane":0},{"beat":397,"label":"a","lane":0},{"beat":398,"label":"a","lane":0},{"beat":399,"label":"a","lane":0},{"beat":402,"label":"a","lane":0},{"beat":404,"label":"a","lane":0},{"beat":408,"label":"a","lane":0},{"beat":410,"label":"a","lane":0},{"beat":412,"label":"a","lane":0},{"beat":414,"label":"a","lane":0},{"beat":415,"label":"a","lane":0},{"beat":417,"label":"a","lane":0},{"beat":418,"label":"a","lane":0},{"beat":419,"label":"a","lane":0},{"beat":420,"label":"a","lane":0},{"beat":424,"label":"a","lane":0},{"beat":428,"label":"a","lane":0},{"beat":432,"label":"a","lane":0},{"beat":436,"label":"a","lane":0},{"beat":440,"label":"a","lane":0},{"beat":442,"label":"a","lane":0},{"beat":444,"label":"a","lane":0},{"beat":446,"label":"a","lane":0},{"beat":448,"label":"a","lane":0},{"beat":449,"label":"a","lane":0},{"beat":450,"label":"a","lane":0},{"beat":451,"label":"a","lane":0},{"beat":452,"label":"a","lane":0},{"beat":453,"label":"a","lane":0},{"beat":454,"label":"a","lane":0},{"beat":455,"label":"a","lane":0},{"beat":456,"label":"a","lane":0},{"beat":460,"label":"a","lane":0},{"beat":464,"label":"a","lane":0},{"beat":468,"label":"a","lane":0},{"beat":472,"label":"a","lane":0},{"beat":476,"label":"a","lane":0},{"beat":480,"label":"a","lane":0},{"beat":482,"label":"a","lane":0},{"beat":484,"label":"a","lane":0},{"beat":486,"label":"a","lane":0},{"beat":488,"label":"a","lane":0},{"beat":492,"label":"a","lane":0},{"beat":496,"label":"a","lane":0},{"beat":500,"label":"a","lane":0},{"beat":504,"label":"a","lane":0},{"beat":508,"label":"a","lane":0},{"beat":511,"label":"a","lane":0},{"beat":514,"label":"a","lane":0},{"beat":516,"label":"a","lane":0},{"beat":519,"label":"a","lane":0},{"beat":522,"label":"a","lane":0},{"beat":524,"label":"a","lane":0},{"beat":526,"label":"a","lane":0}]}],"color":"Color(1, 0.791017, 0, 1)","delay":50,"sorted":true}