{"bpm":180,"charts":[{"notes":[{"beat":12,"label":"F","lane":0},{"beat":14,"label":"J","lane":1},{"beat":16,"label":"F","lane":0},{"beat":18,"label":"J","lane":1},{"beat":20,"label":"F","lane":0},{"beat":22,"label":"J","lane":1},{"beat":24,"label":"E","lane":1},{"beat":25,"label":"R","lane":2},{"beat":28,"label":"F","lane":0},{"beat":30,"label":"J","lane":2},{"beat":32,"label":"F","lane":0},{"beat":34,"label":"J","lane":1},{"beat":36,"label":"F","lane":0},{"beat":38,"label":"J","lane":1},{"beat":40,"label":"U","lane":0},{"beat":41,"label":"I","lane":1},{"beat":44,"label":"a","lane":0},{"beat":46,"label":"S","lane":1},{"beat":48,"label":"L","lane":2},{"beat":50,"label":"K","lane":0},{"beat":52,"label":"A","lane":1},{"beat":54,"label":"S","lane":0},{"beat":56,"label":"E","lane":1},{"beat":57,"label":"R","lane":2},{"beat":60,"label":"G","lane":0},{"beat":62,"label":"H","lane":1},{"beat":64,"label":"F","lane":2},{"beat":66,"label":"J","lane":0},{"beat":68,"label":"D","lane":1},{"beat":70,"label":"K","lane":0},{"beat":72,"label":"F","lane":0},{"beat":74,"label":"T","lane":0},{"beat":75,"label":"Y","lane":0},{"beat":78,"label":"a","lane":0},{"beat":80,"label":"Q","lane":0},{"beat":81,"label":"W","lane":1},{"beat":82,"label":"E","lane":2},{"beat":83,"label":"R","lane":3},{"beat":84,"label":"T","lane":3},{"beat":88,"label":"A","lane":3},{"beat":89,"label":"S","lane":2},{"beat":90,"label":"D","lane":1},{"beat":91,"label":"F","lane":0},{"beat":92,"label":"G","lane":0},{"beat":94,"label":"F","lane":0},{"beat":96,"label":"J","lane":0},{"beat":98,"label":"F","lane":1},{"beat":100,"label":"J","lane":0},{"beat":102,"label":"D","lane":1},{"beat":104,"label":"K","lane":0},{"beat":106,"label":"E","lane":1},{"beat":107,"label":"R","lane":2},{"beat":110,"label":"G","lane":0},{"beat":112,"label":"H","lane":1},{"beat":114,"label":"G","lane":0},{"beat":116,"label":"Y","lane":1},{"beat":118,"label":"T","lane":2},{"beat":120,"label":"F","lane":1},{"beat":122,"label":"W","lane":1},{"beat":123,"label":"E","lane":2},{"beat":124,"label":"R","lane":3},{"beat":126,"label":"R","lane":2},{"beat":128,"label":"F","lane":1},{"beat":130,"label":"V","lane":2},{"beat":132,"label":"G","lane":0},{"beat":134,"label":"T","lane":2},{"beat":135,"label":"Y","lane":1},{"beat":136,"label":"U","lane":0},{"beat":140,"label":"E","lane":0},{"beat":141,"label":"R","lane":0},{"beat":142,"label":"T","lane":0},{"beat":144,"label":"F","lane":1},{"beat":146,"label":"J","lane":0},{"beat":148,"label":"F","lane":0},{"beat":150,"label":"D","lane":0},{"beat":152,"label":"F","lane":1},{"beat":154,"label":"E","lane":0},{"beat":155,"label":"R","lane":1},{"beat":158,"label":"G","lane":0},{"beat":160,"label":"H","lane":1},{"beat":162,"label":"F","lane":2},{"beat":164,"label":"J","lane":1},{"beat":166,"label":"J","lane":2},{"beat":168,"label":"E","lane":3},{"beat":169,"label":"R","lane":2},{"beat":170,"label":"T","lane":1},{"beat":172,"label":"F","lane":2},{"beat":174,"label":"J","lane":1},{"beat":176,"label":"F","lane":0},{"beat":178,"label":"J","lane":1},{"beat":180,"label":"A","lane":2},{"beat":182,"label":"S","lane":1},{"beat":184,"label":"A","lane":0},{"beat":186,"label":"D","lane":1},{"beat":187,"label":"F","lane":2},{"beat":190,"label":"R","lane":1},{"beat":192,"label":"U","lane":0},{"beat":194,"label":"R","lane":1},{"beat":196,"label":"U","lane":2},{"beat":198,"label":"R","lane":3},{"beat":200,"label":"E","lane":1},{"beat":201,"label":"F","lane":2},{"beat":202,"label":"V","lane":3},{"beat":204,"label":"E","lane":0},{"beat":205,"label":"F","lane":1},{"beat":206,"label":"V","lane":1},{"beat":208,"label":"T","lane":0},{"beat":210,"label":"Y","lane":2},{"beat":212,"label":"T","lane":1},{"beat":214,"label":"R","lane":3},{"beat":216,"label":"A","lane":0},{"beat":217,"label":"S","lane":2},{"beat":218,"label":"D","lane":1},{"beat":219,"label":"F","lane":2},{"beat":222,"label":"F","lane":1},{"beat":224,"label":"J","lane":1},{"beat":226,"label":"F","lane":1},{"beat":228,"label":"R","lane":1},{"beat":230,"label":"T","lane":0},{"beat":232,"label":"D","lane":1},{"beat":233,"label":"F","lane":2},{"beat":234,"label":"G","lane":2},{"beat":236,"label":"R","lane":1},{"beat":238,"label":"E","lane":0},{"beat":240,"label":"F","lane":1},{"beat":242,"label":"R","lane":1},{"beat":244,"label":"E","lane":2},{"beat":246,"label":"F","lane":1},{"beat":248,"label":"R","lane":0},{"beat":250,"label":"F","lane":1},{"beat":259,"label":"H","lane":1}]}],"color":"Color(0.0761831, 0.929631, 1, 1)","delay":910,"sorted":true}