{"bpm":400,"charts":[{"notes":[{"beat":4,"label":"Q","lane":0},{"beat":5,"label":"W","lane":1},{"beat":6,"label":"E","lane":2},{"beat":13,"label":"Q","lane":0},{"beat":14,"label":"W","lane":1},{"beat":15,"label":"E","lane":2},{"beat":21,"label":"Q","lane":0},{"beat":22,"label":"W","lane":1},{"beat":23,"label":"E","lane":2},{"beat":29,"label":"Q","lane":0},{"beat":30,"label":"W","lane":1},{"beat":31,"label":"E","lane":2},{"beat":35,"label":"Q","lane":0},{"beat":36,"label":"W","lane":1},{"beat":37,"label":"E","lane":2},{"beat":45,"label":"Q","lane":0},{"beat":46,"label":"W","lane":1},{"beat":47,"label":"E","lane":2},{"beat":55,"label":"Q","lane":0},{"beat":56,"label":"W","lane":0},{"beat":57,"label":"E","lane":0},{"beat":74,"label":"Q","lane":0},{"beat":75,"label":"W","lane":0},{"beat":76,"label":"E","lane":0},{"beat":82,"label":"Q","lane":0},{"beat":83,"label":"W","lane":0},{"beat":84,"label":"E","lane":0}]}],"color":"Color(1, 1, 1, 1)","delay":0,"sorted":true}