{"bpm":388,"charts":[{"notes":[{"beat":3,"label":"A","lane":0},{"beat":7,"label":"D","lane":1},{"beat":11,"label":"W","lane":2},{"beat":15,"label":"S","lane":0},{"beat":19,"label":"J","lane":0},{"beat":23,"label":"U","lane":0},{"beat":27,"label":"T","lane":0},{"beat":29,"label":"R","lane":1},{"beat":31,"label":"E","lane":2},{"beat":35,"label":"G","lane":0},{"beat":39,"label":"Q","lane":2},{"beat":43,"label":"K","lane":1},{"beat":47,"label":"a","lane":1},{"beat":51,"label":"D","lane":0},{"beat":55,"label":"A","lane":0},{"beat":57,"label":"K","lane":1},{"beat":59,"label":"a","lane":0},{"beat":61,"label":"K","lane":1},{"beat":63,"label":"A","lane":0},{"beat":65,"label":"K","lane":1},{"beat":67,"label":"A","lane":0},{"beat":69,"label":"K","lane":1},{"beat":71,"label":"A","lane":0},{"beat":73,"label":"K","lane":1},{"beat":75,"label":"A","lane":0},{"beat":77,"label":"K","lane":1},{"beat":79,"label":"A","lane":0},{"beat":81,"label":"K","lane":1},{"beat":83,"label":"A","lane":0},{"beat":85,"label":"K","lane":1},{"beat":87,"label":"A","lane":0},{"beat":89,"label":"K","lane":1},{"beat":91,"label":"R","lane":3},{"beat":92,"label":"U","lane":2},{"beat":93,"label":"R","lane":3},{"beat":94,"label":"U","lane":2},{"beat":95,"label":"R","lane":3},{"beat":96,"label":"U","lane":2},{"beat":97,"label":"R","lane":3},{"beat":98,"label":"U","lane":2},{"beat":99,"label":"R","lane":3},{"beat":100,"label":"U","lane":2},{"beat":101,"label":"R","lane":3},{"beat":102,"label":"U","lane":2},{"beat":103,"label":"R","lane":3},{"beat":104,"label":"U","lane":2},{"beat":105,"label":"R","lane":3},{"beat":106,"label":"U","lane":2},{"beat":107,"label":"a","lane":1},{"beat":108,"label":"a","lane":1},{"beat":109,"label":"a","lane":1},{"beat":112,"label":"S","lane":0},{"beat":115,"label":"D","lane":1},{"beat":117,"label":"D","lane":1},{"beat":120,"label":"W","lane":0},{"beat":125,"label":"F","lane":3},{"beat":127,"label":"F","lane":3},{"beat":129,"label":"F","lane":3},{"beat":131,"label":"J","lane":0},{"beat":133,"label":"E","lane":0},{"beat":134,"label":"R","lane":1},{"beat":135,"label":"T","lane":2},{"beat":137,"label":"F","lane":0},{"beat":139,"label":"F","lane":0},{"beat":141,"label":"F","lane":0},{"beat":143,"label":"D","lane":1},{"beat":145,"label":"R","lane":2},{"beat":147,"label":"E","lane":0},{"beat":149,"label":"a","lane":3},{"beat":150,"label":"a","lane":2},{"beat":151,"label":"a","lane":1},{"beat":153,"label":"F","lane":0},{"beat":155,"label":"G","lane":1},{"beat":157,"label":"H","lane":0},{"beat":161,"label":"C","lane":1},{"beat":165,"label":"F","lane":0},{"beat":169,"label":"F","lane":0},{"beat":173,"label":"T","lane":1},{"beat":181,"label":"Q","lane":0},{"beat":183,"label":"W","lane":1},{"beat":185,"label":"E","lane":2},{"beat":187,"label":"R","lane":1},{"beat":189,"label":"T","lane":0},{"beat":193,"label":"D","lane":0},{"beat":195,"label":"F","lane":1},{"beat":199,"label":"a","lane":0},{"beat":201,"label":"a","lane":0},{"beat":203,"label":"a","lane":0},{"beat":207,"label":"D","lane":1},{"beat":213,"label":"A","lane":0},{"beat":215,"label":"S","lane":3},{"beat":217,"label":"D","lane":1},{"beat":219,"label":"F","lane":2},{"beat":221,"label":"a","lane":0},{"beat":225,"label":"a","lane":0},{"beat":227,"label":"S","lane":3},{"beat":229,"label":"S","lane":3},{"beat":231,"label":"E","lane":0},{"beat":233,"label":"R","lane":1},{"beat":235,"label":"T","lane":2},{"beat":239,"label":"C","lane":0},{"beat":245,"label":"Q","lane":0},{"beat":247,"label":"W","lane":0},{"beat":249,"label":"E","lane":0},{"beat":251,"label":"R","lane":0},{"beat":253,"label":"T","lane":0},{"beat":257,"label":"Y","lane":1},{"beat":259,"label":"Y","lane":1},{"beat":263,"label":"F","lane":2},{"beat":265,"label":"F","lane":2},{"beat":267,"label":"F","lane":2},{"beat":271,"label":"a","lane":0},{"beat":275,"label":"J","lane":0},{"beat":277,"label":"J","lane":0},{"beat":279,"label":"P","lane":2},{"beat":280,"label":"Q","lane":1},{"beat":281,"label":"P","lane":2},{"beat":282,"label":"Q","lane":1},{"beat":283,"label":"P","lane":2},{"beat":284,"label":"Q","lane":1},{"beat":285,"label":"P","lane":2},{"beat":291,"label":"a","lane":0},{"beat":292,"label":"a","lane":1},{"beat":293,"label":"a","lane":2},{"beat":299,"label":"S","lane":2},{"beat":300,"label":"S","lane":1},{"beat":301,"label":"S","lane":0},{"beat":307,"label":"R","lane":0},{"beat":308,"label":"R","lane":1},{"beat":309,"label":"R","lane":2},{"beat":317,"label":"R","lane":0},{"beat":321,"label":"F","lane":1},{"beat":325,"label":"F","lane":2},{"beat":329,"label":"R","lane":3},{"beat":333,"label":"F","lane":2},{"beat":335,"label":"F","lane":1},{"beat":337,"label":"F","lane":2},{"beat":339,"label":"D","lane":0},{"beat":340,"label":"D","lane":1},{"beat":341,"label":"D","lane":2},{"beat":343,"label":"F","lane":0},{"beat":345,"label":"F","lane":0},{"beat":355,"label":"a","lane":0},{"beat":357,"label":"a","lane":0},{"beat":361,"label":"E","lane":1},{"beat":363,"label":"E","lane":1},{"beat":365,"label":"R","lane":0},{"beat":367,"label":"R","lane":0},{"beat":368,"label":"R","lane":0},{"beat":371,"label":"F","lane":2},{"beat":373,"label":"F","lane":2},{"beat":376,"label":"G","lane":1},{"beat":379,"label":"G","lane":1},{"beat":383,"label":"D","lane":0},{"beat":387,"label":"E","lane":2},{"beat":389,"label":"R","lane":1},{"beat":393,"label":"U","lane":0},{"beat":395,"label":"I","lane":0},{"beat":397,"label":"O","lane":0},{"beat":399,"label":"P","lane":1},{"beat":400,"label":"P","lane":1},{"beat":403,"label":"A","lane":2},{"beat":405,"label":"A","lane":2},{"beat":408,"label":"E","lane":3},{"beat":409,"label":"R","lane":2},{"beat":412,"label":"A","lane":0},{"beat":415,"label":"D","lane":1},{"beat":417,"label":"F","lane":0},{"beat":419,"label":"D","lane":1},{"beat":421,"label":"F","lane":0},{"beat":425,"label":"F","lane":0},{"beat":427,"label":"F","lane":0},{"beat":429,"label":"G","lane":3},{"beat":432,"label":"G","lane":2},{"beat":435,"label":"E","lane":0},{"beat":437,"label":"E","lane":0},{"beat":440,"label":"a","lane":1},{"beat":443,"label":"a","lane":1},{"beat":445,"label":"a","lane":1},{"beat":449,"label":"Q","lane":0},{"beat":451,"label":"W","lane":1},{"beat":453,"label":"E","lane":2},{"beat":456,"label":"R","lane":3},{"beat":459,"label":"E","lane":1},{"beat":461,"label":"R","lane":0},{"beat":464,"label":"R","lane":0},{"beat":467,"label":"T","lane":2},{"beat":473,"label":"A","lane":0},{"beat":475,"label":"F","lane":3},{"beat":477,"label":"F","lane":2},{"beat":479,"label":"F","lane":1},{"beat":482,"label":"F","lane":0},{"beat":484,"label":"F","lane":1},{"beat":486,"label":"F","lane":2},{"beat":488,"label":"a","lane":0},{"beat":491,"label":"a","lane":1},{"beat":493,"label":"a","lane":2},{"beat":495,"label":"a","lane":3},{"beat":497,"label":"F","lane":0},{"beat":500,"label":"F","lane":1},{"beat":502,"label":"F","lane":2},{"beat":504,"label":"F","lane":3},{"beat":506,"label":"a","lane":0},{"beat":509,"label":"a","lane":1},{"beat":511,"label":"a","lane":2},{"beat":513,"label":"a","lane":3},{"beat":515,"label":"F","lane":1},{"beat":516,"label":"F","lane":1},{"beat":518,"label":"a","lane":0},{"beat":520,"label":"a","lane":0},{"beat":522,"label":"a","lane":0},{"beat":524,"label":"F","lane":0},{"beat":525,"label":"F","lane":0},{"beat":527,"label":"a","lane":0},{"beat":531,"label":"a","lane":0}]}],"color":"Color(0.380938, 0.0620475, 0.814453, 1)","delay":170,"sorted":true}